,docs/libro1_clean.txt,docs/libro2_clean.txt,docs/libro3_clean.txt,docs/libro4_clean.txt,docs/libro5_clean.txt,docs/libro6_clean.txt
111º,1,0,0,0,0,0
``,0,0,0,1,0,0
abajo,0,0,0,0,0,1
abierto,0,0,0,0,1,0
abismo,0,1,1,0,0,0
acaba,1,0,0,1,1,0
acababa,1,0,0,0,0,0
acaban,1,0,0,0,0,1
acabaron,0,0,0,0,0,1
acabó,1,0,0,0,0,0
acampar,0,0,0,0,1,0
accidentalmente,1,0,0,0,0,0
acción,0,0,1,0,0,0
acebeda,0,1,0,0,0,0
acercaran,0,1,0,0,0,0
acompaña,1,0,0,0,0,0
acompañado,0,0,0,0,0,1
acompañados,1,0,0,0,1,0
acompañar,0,1,0,0,0,0
acompañaran,0,0,0,0,1,0
acompañarle,1,0,0,0,0,0
acompañarían,0,1,0,0,0,0
acompañó,0,0,0,0,0,1
aconseja,0,0,1,0,0,0
acontecimientos,0,1,1,0,0,0
actos,0,0,1,0,0,0
acude,1,0,0,0,1,0
acuden,1,0,0,0,0,0
acudir,0,0,0,0,0,1
acudirían,0,1,0,0,0,0
acudió,1,0,0,0,0,0
adentrarse,1,0,0,0,0,0
afortunadamente,0,0,0,1,0,0
agotamiento,0,0,0,0,0,1
agua,0,1,0,0,0,0
aire,0,0,0,0,0,1
alcanzados,0,1,0,0,0,0
aldea,1,0,0,0,0,0
alegría,0,0,0,0,0,1
alerta,1,0,0,0,0,0
alertado,0,0,0,0,1,0
alertar,0,0,0,1,0,0
allí,1,1,0,0,1,1
alternativo,0,0,0,0,1,0
amenazas,0,0,0,1,0,0
amigo,1,0,0,0,0,0
amigos,1,1,1,0,0,0
amo,0,1,0,1,0,1
amon,1,1,0,0,0,0
anduin,1,1,0,0,1,0
anillo,1,1,0,1,0,1
aniquilado,0,1,0,0,0,0
antigua,0,1,0,0,0,0
anular,0,0,0,0,0,1
apagado,0,0,0,1,0,0
aparecer,0,0,0,1,0,0
aparecieron,0,1,0,0,0,0
apareció,0,1,0,0,0,0
aparentemente,0,0,1,1,0,0
apartó,0,1,0,0,0,0
apenados,0,1,0,0,0,0
apoderarse,0,0,0,0,0,1
apoyo,0,0,0,0,1,0
apresados,0,0,1,0,0,0
apresura,0,0,1,0,0,0
apresuró,0,0,0,0,1,0
aprovechan,0,0,0,0,0,1
aprovechando,0,0,1,0,0,0
aragorn,1,1,1,0,1,1
araña,0,0,0,1,0,0
ardides,0,0,1,0,0,0
argumentos,0,0,0,1,0,0
ariete,0,0,0,0,1,0
armas,1,0,0,0,0,0
arnor,1,0,0,0,0,0
arrancándole,0,0,0,0,0,1
arrastrados,1,0,0,0,0,0
arrastró,0,1,0,0,0,0
arrebatado,1,0,0,0,0,0
arrebatárselo,1,0,0,0,0,0
arroja,0,0,1,0,0,0
arrojar,0,1,0,0,0,0
arrojarlo,0,0,0,0,0,1
arwen,0,0,0,0,0,1
asamblea,0,0,1,0,0,0
ascender,0,0,0,1,0,0
ascendiendo,0,0,0,0,0,1
asemeja,0,0,0,1,0,0
asentado,0,1,0,0,0,0
asfaloth,1,0,0,0,0,0
asistieron,0,0,0,0,0,1
asusta,0,0,0,0,1,0
ataca,0,0,0,0,1,0
atacada,0,1,0,0,0,0
atacados,0,1,0,1,0,1
atacan,1,0,0,0,0,0
ataque,0,0,1,0,1,0
atención,0,0,0,0,1,0
atrapado,0,0,1,0,0,0
atrapados,1,0,0,0,0,0
atrapan,0,0,0,1,0,0
atravesar,0,1,0,1,0,0
aventuras,0,0,0,0,0,1
ayuda,1,0,0,0,1,1
ayudara,0,0,1,0,0,0
ayudándolos,0,0,1,0,0,0
año,0,0,0,0,0,1
años,1,0,0,0,0,0
bajan,0,0,0,0,1,0
balin,0,1,0,0,0,0
balrog,0,1,0,0,0,0
barad-dûr,0,0,1,0,0,0
baran,0,0,1,0,0,0
barcas,0,1,0,0,0,0
barco,0,0,0,0,0,1
barcos,0,0,0,0,1,0
batalla,0,0,1,0,1,1
batidores,0,0,0,0,1,0
bilbo,1,0,0,0,0,1
blanca,0,0,1,0,0,0
blanco,0,0,1,0,0,0
bolsón,1,0,0,0,0,0
bombadil,1,0,0,0,0,1
borde,0,0,0,0,0,1
boromir,0,1,1,0,1,0
bosque,1,1,1,0,1,1
brazo,0,0,0,0,1,0
bree,1,0,0,0,0,0
bruinen,1,0,0,0,0,0
brujo,0,0,0,1,1,0
brunas,0,0,0,0,0,1
busca,1,1,0,1,1,1
bárbol,0,0,1,0,0,1
cabalgan,0,0,0,0,1,0
cabalgata,0,0,0,0,1,0
caballeros,0,0,1,0,0,0
caballo,1,0,0,0,1,0
cae,0,0,0,0,0,1
camino,0,1,0,1,1,1
caminos,1,0,0,1,0,1
campamento,0,0,1,0,0,0
campo,0,0,1,0,1,0
campos,1,0,0,0,1,0
canción,1,0,0,0,0,0
cansado,0,0,0,0,0,1
cansancio,0,0,1,0,0,0
cantar,1,0,0,0,0,0
cantidad,0,0,0,1,0,0
capital,0,0,1,0,0,0
capitanes,0,0,0,0,1,0
capitán,0,0,0,1,0,0
capturado,0,0,0,1,0,0
capturados,1,1,0,0,0,0
capítulos,0,0,1,0,0,0
cara,0,0,0,0,1,0
caradhras,0,1,0,0,0,0
cargado,0,0,0,0,0,1
cargo,0,0,0,0,0,1
casa,1,0,1,0,1,0
casos,0,0,0,0,1,0
casó,0,0,0,0,0,1
cayendo,0,0,0,0,1,0
cazadores,0,0,1,0,0,0
caía,0,1,0,0,0,0
celeborn,0,1,0,0,0,0
celebración,1,1,0,0,0,0
celosamente,0,0,1,0,0,0
cena,0,0,0,0,1,0
cercano,0,1,0,0,0,0
cerrado,1,0,0,0,0,1
cientos,0,0,0,0,1,0
cirith,0,0,0,1,0,1
ciudad,0,1,1,0,1,0
ciénaga,0,0,0,1,0,0
clima,0,1,0,0,0,0
cobijo,0,1,0,0,0,0
codicia,0,0,0,0,0,1
cogió,0,1,0,0,0,0
comarca,1,0,0,0,0,1
combatirles,1,0,0,0,0,0
combinadas,0,0,1,0,0,0
comentar,0,0,0,1,0,0
comenzaron,0,1,0,0,0,0
comenzó,0,0,0,0,1,0
comida,0,0,0,1,0,0
comienza,1,0,0,1,1,1
comienzo,0,0,0,0,1,0
comitiva,0,0,1,0,0,1
compañía,0,0,0,1,1,1
completo,0,0,1,0,0,0
comunicado,0,0,1,0,0,0
comunidad,0,1,0,0,0,0
concilio,0,1,0,0,0,0
condiciones,0,0,0,0,1,0
conducidas,0,0,0,0,0,1
condujeron,0,1,0,0,0,0
confluyen,0,0,1,0,0,0
congéneres,0,0,1,0,0,0
conocido,0,0,0,0,1,0
conoció,0,0,0,0,0,1
consejo,0,1,0,1,1,0
consiguiendo,0,0,0,1,0,0
consiguieron,0,1,0,0,0,0
consumiendo,0,0,0,0,0,1
continuar,0,0,0,1,0,0
continuara,0,0,0,0,0,1
continúa,0,0,0,0,0,1
continúen,0,0,0,1,0,0
contraatacar,0,0,0,0,0,1
contradicciones,0,0,0,1,0,0
contárselo,0,1,0,0,0,0
contó,0,1,0,0,0,0
convencer,0,1,0,0,0,0
convenciéndole,1,0,0,0,0,0
convertido,0,0,1,0,0,0
convincentes,0,0,0,1,0,0
convirtió,0,0,0,0,0,1
convoca,0,0,1,0,0,0
convocan,0,0,0,0,1,0
coronación,0,0,0,0,0,1
corriente,1,0,0,0,0,0
corsarios,0,0,0,0,1,0
cosa,0,0,1,0,0,0
cota,0,0,0,0,0,1
creó,0,1,0,0,0,0
criatura,1,0,0,1,0,1
crinblanca,0,0,0,0,1,0
cruzando,0,1,0,0,0,0
cruzarlas,0,1,0,0,0,0
cuantos,0,1,0,0,0,0
cubrió,0,0,0,0,1,0
cuentan,0,0,1,0,0,0
cuerpo,0,0,0,1,1,1
cuesta,0,0,0,0,0,1
culmina,0,0,1,0,0,0
cumpleaños,1,0,0,0,0,0
cumplir,0,0,0,0,1,0
curación,0,1,0,0,0,0
curioso,0,0,1,0,0,0
curso,0,1,0,0,0,0
custodia,0,0,1,1,0,0
custodiándola,0,0,0,1,0,0
cámara,0,1,0,0,0,0
círculo,0,0,0,0,1,0
círdan,0,0,0,0,0,1
darle,0,0,1,0,0,0
darse,0,0,0,0,0,1
debatirse,0,0,0,1,0,0
debía,0,1,0,0,0,0
debían,0,0,0,0,1,0
decide,0,0,0,1,1,0
deciden,1,0,1,1,1,0
decidieron,0,1,0,0,0,0
decidir,0,1,0,0,0,0
decidiría,0,1,0,0,0,0
decidirían,1,0,0,0,0,0
decisión,1,0,0,0,0,0
dedo,0,0,0,0,0,1
defender,0,0,1,0,0,0
defenderse,1,0,0,0,0,0
defensa,0,1,1,0,0,0
definir,0,0,1,0,0,0
defraudada,0,0,0,1,0,0
deja,0,0,0,1,0,1
dejado,0,0,0,0,0,1
dejando,0,0,1,0,0,0
dejar,1,0,0,0,0,0
dejarle,0,0,1,0,0,0
delagua,0,0,0,0,0,1
demandaba,0,0,0,0,1,0
denethor,0,0,0,0,1,0
dernhelm,0,0,0,0,1,0
derribada,0,0,0,0,1,0
derrotado,0,0,0,0,0,1
derrotan,0,0,1,0,0,1
derrotando,0,0,0,0,0,1
derrotar,0,1,1,0,0,0
derrotaron,0,0,1,0,0,0
desafortunada,0,0,1,0,0,0
desaparece,0,0,0,1,0,0
desaparecer,0,0,0,1,0,0
desapareció,1,0,0,0,0,0
desastre,1,0,0,0,0,0
desatando,0,0,0,1,0,0
desayuno,0,0,1,0,0,0
descansando,0,1,0,0,0,0
descarga,0,0,0,0,1,0
descender,0,0,0,1,0,0
desconcierto,0,0,0,0,0,1
descubierto,1,0,0,0,0,0
descubiertos,0,0,0,1,0,0
descubre,0,0,1,0,0,0
descubren,0,0,0,1,0,0
descubrir,0,0,0,1,0,0
descuido,0,0,0,1,0,0
deseando,0,1,0,0,0,0
deseo,1,0,0,0,0,0
desfiladero,0,0,0,1,0,0
deshecho,0,0,0,0,0,1
despedida,0,0,0,0,0,1
despertó,0,1,0,0,0,1
despiertan,0,0,0,0,0,1
destino,1,0,0,0,0,1
destruido,0,1,0,0,0,0
destruyera,0,1,0,0,0,0
destruyeron,0,0,1,0,0,0
destruyéndose,0,0,0,0,0,1
desviar,0,0,0,0,1,0
detener,0,0,0,0,1,0
deuda,0,0,0,0,1,0
dirigen,0,0,1,0,1,0
dirigieron,0,0,0,0,0,1
dirigía,0,0,0,0,1,0
dirigían,0,0,0,0,0,1
discurso,1,0,0,0,0,0
discusión,1,0,0,0,0,0
disfrazados,0,0,0,0,0,1
disfrutan,0,0,1,0,0,0
disponía,0,0,0,0,1,0
disponían,0,0,0,0,1,0
dispusieron,0,0,0,0,1,0
dispuso,0,0,0,0,1,0
distintos,0,1,0,0,0,1
divide,0,0,1,0,0,0
diálogo,0,0,1,0,0,0
dol,0,0,1,0,0,0
dolorosa,0,0,0,0,0,1
dormían,0,0,1,0,0,0
drúadan,0,0,0,0,1,0
drúedain,0,0,0,0,1,0
dudas,1,0,0,0,0,0
dunlendinos,0,0,0,0,0,1
dándoles,1,0,0,0,0,0
día,1,0,1,0,1,0
días,1,1,0,1,1,1
dínen,0,0,0,0,1,0
dúnadan,0,0,0,0,1,0
dûm,0,1,0,0,0,0
echor,0,0,0,0,1,0
edoras,0,0,1,0,1,1
ejercía,0,0,1,0,0,0
ejército,0,0,1,0,1,0
ejércitos,0,0,0,0,1,0
elfo,1,1,0,0,0,0
elfos,0,1,0,0,0,1
ella-laraña,0,0,0,1,0,0
elladan,0,0,0,0,1,0
elrohir,0,0,0,0,1,0
elrond,1,1,0,0,0,1
emisario,0,0,0,0,1,0
emprende,0,0,0,1,0,0
emprenden,0,0,0,1,0,1
emyn,0,0,0,1,0,0
enano,0,1,0,0,0,0
encargó,0,1,0,0,0,0
encerrado,0,0,1,0,0,0
encerró,0,1,0,0,0,0
encontrado,1,0,0,0,0,0
encontrar,0,0,0,0,1,0
encontrara,0,1,0,0,0,0
encontraron,0,0,0,0,0,1
encontró,1,1,0,0,0,0
encuentran,1,0,1,1,1,1
encuentro,0,0,0,0,1,0
ende,0,0,1,0,0,0
enemigo,0,1,0,0,1,0
enemigos,0,0,0,1,0,1
enfrentándose,0,0,0,0,1,0
enfrentó,0,1,0,0,0,0
enloquecer,0,0,0,0,1,0
enloquecido,0,0,0,0,1,0
enorme,0,0,0,1,0,0
enseñó,1,0,0,0,0,0
ent,0,0,1,0,0,0
enterándose,0,0,1,0,0,0
entra,0,0,0,1,1,0
entran,0,0,0,1,0,0
entrar,0,0,0,1,1,0
entregó,0,0,0,0,0,1
ents,0,0,1,0,0,0
enviada,0,0,0,0,1,0
enviar,0,0,0,0,1,0
envía,0,0,0,0,1,0
eregion,0,1,0,0,0,0
escalera,0,0,0,1,0,0
escapado,0,0,0,1,0,0
escapar,1,1,1,0,0,1
escaparse,0,0,1,0,0,0
escaramuza,0,0,0,1,0,0
escena,0,0,0,0,1,0
escombros,0,0,1,0,0,0
escondidas,0,1,0,0,0,0
escribiendo,0,0,0,0,0,1
escuchado,0,1,0,0,0,0
espada,0,0,0,0,1,0
esperaba,0,0,0,0,1,0
esperaban,0,0,0,0,0,1
espesa,0,0,0,0,1,0
esquivarlos,0,1,0,0,0,0
estadía,0,0,0,0,1,0
estalla,0,0,0,0,0,1
estocada,0,0,0,0,1,0
estorbo,0,0,0,0,1,0
estrategia,0,0,1,0,0,0
evitar,1,0,0,0,0,0
existencia,0,0,0,1,0,0
experiencias,0,0,1,0,0,0
exterior,0,0,1,0,0,0
exánime,0,0,0,0,0,1
facilitando,0,0,0,0,0,1
fangorn,0,0,1,0,0,0
faramir,0,0,0,1,1,1
fatigas,0,0,1,0,0,0
fiesta,1,0,0,0,0,0
final,0,0,1,0,0,0
finalizada,0,0,0,0,1,0
finalmente,0,0,0,1,0,0
flecha,0,0,0,0,1,0
flechazos,0,0,0,0,0,1
flota,0,0,0,0,1,0
folde,0,0,1,0,0,0
formando,0,1,0,0,0,0
fracasa,0,0,0,0,1,0
frente,0,0,1,0,0,0
frodo,1,1,1,1,1,1
frontera,0,0,0,0,0,1
fuego,0,0,0,1,0,0
fuegos,0,1,0,0,0,0
fuerzas,0,0,1,0,1,0
funeral,0,0,0,0,0,1
funeraria,0,0,0,0,1,0
físicamente,0,0,0,0,0,1
galadriel,0,1,0,0,1,1
galen,0,1,1,0,1,0
gamos,1,0,0,0,0,0
gamyi,1,0,0,0,0,0
gandalf,1,1,1,0,1,1
gebir,0,1,0,0,0,0
ghân-buri-ghân,0,0,0,0,1,0
gigante,0,0,0,1,0,0
gigantesco,0,0,0,0,1,0
gimli,0,1,1,0,1,0
gladios,1,0,0,0,0,0
glorfindel,1,0,0,0,0,0
gollum,1,0,0,1,0,1
golpe,0,0,0,0,1,0
gondor,0,1,1,0,1,1
gracias,1,0,0,1,1,0
gratitud,0,0,0,0,1,0
gravedad,1,0,0,0,0,0
gravemente,0,0,0,0,1,0
grieta,0,0,0,0,0,1
grima,0,0,0,0,0,1
grises,0,0,0,0,0,1
grond,0,0,0,0,1,0
grupa,0,0,0,0,1,0
grupo,0,0,0,1,0,0
gríma,0,0,1,0,0,0
guardaba,0,0,1,0,0,0
guardar,0,0,1,0,0,0
guarde,1,0,0,0,0,0
guardián,0,1,0,0,0,0
guerreros,0,0,0,0,0,1
guíe,0,0,0,1,0,0
gwaihir,0,0,0,0,0,1
haberse,1,0,0,0,0,1
habitaba,0,0,0,0,1,0
halbarad,0,0,0,0,1,0
haldir,0,1,0,0,0,0
harad,0,0,0,1,0,0
harlond,0,0,0,0,1,0
harán,0,0,1,0,0,0
helm,0,0,1,0,0,0
hen,0,1,0,0,0,0
heredero,0,1,0,0,0,0
herencia,1,0,0,0,0,0
herido,0,0,0,0,1,0
hermana,0,0,0,0,1,1
hermanos,0,1,0,0,0,0
hija,0,0,0,0,0,1
hijo,0,0,0,0,1,0
hirgon,0,0,0,0,1,0
hiriendo,1,0,0,0,0,0
historias,0,0,1,0,0,0
hobbit,1,1,1,1,0,0
hobbiton,0,0,0,0,0,1
hobbits,1,1,1,1,0,1
hombre-sauce,1,0,0,0,0,0
hombres,0,0,0,0,1,0
hora,0,0,0,0,1,0
horribles,0,0,1,0,0,0
huellas,0,0,1,0,0,0
huida,0,0,1,0,0,0
huir,0,1,0,1,0,1
humillaciones,0,0,0,0,0,1
hurtadillas,0,0,0,1,0,0
huye,0,0,0,0,1,0
hálito,0,0,0,0,1,0
héroes,0,0,0,0,0,1
idea,0,0,0,0,1,0
identidad,0,0,0,0,1,0
iii,0,0,1,0,0,0
imperecederas,0,0,0,0,0,1
imposibilita,0,0,0,1,0,0
imposible,0,0,0,0,1,0
incapaz,0,0,0,0,0,1
incluyendo,0,0,0,0,1,0
inconsciencia,0,0,0,1,0,0
inconsciente,0,0,0,0,0,1
incorporados,0,0,0,0,0,1
inerte,0,0,0,1,0,0
influencia,0,0,1,0,0,0
informa,0,0,1,0,1,0
información,1,0,0,0,0,0
informado,1,0,0,0,0,0
informar,1,0,0,0,0,0
inicia,0,0,0,0,1,0
iniciaron,0,0,0,0,0,1
inició,0,1,0,0,0,0
inminencia,0,0,1,0,0,0
inmovilizado,0,0,0,1,0,0
integrada,0,0,1,0,0,0
intención,0,0,1,0,1,0
intentó,0,1,0,0,0,0
interior,0,0,1,0,0,0
internarse,0,0,1,0,0,0
interpone,0,0,0,0,1,0
intervención,0,0,0,1,0,0
intrigado,0,0,1,0,0,0
invasores,0,0,0,0,0,1
invisible,0,0,0,0,0,1
invitado,0,1,0,0,0,0
involuntariamente,0,0,1,0,0,0
inútil,0,0,0,0,0,1
irse,1,0,0,0,0,0
isen,0,0,0,0,1,0
isengard,0,1,1,0,0,0
isildur,1,0,0,0,1,0
ithilien,0,0,0,1,0,1
jardinero,1,0,0,0,0,0
jefe,0,0,0,0,1,0
jinete,0,0,0,0,1,0
juntos,0,0,0,0,0,1
juramento,0,0,0,0,1,0
justo,0,0,0,1,1,0
khazad,0,1,0,0,0,0
kraken,0,1,0,0,0,0
laderas,0,0,0,0,0,1
lago,0,1,0,0,0,0
lanceros,0,0,0,0,1,0
lanzan,0,0,0,0,1,0
lanzó,0,0,0,0,1,0
lava,0,0,0,0,0,1
legolas,0,1,1,0,1,0
lengua,0,0,0,0,0,1
leyes,0,0,0,1,0,0
liberado,0,0,0,0,1,0
liberan,0,0,1,0,0,0
libraban,0,0,0,1,0,0
librarse,0,0,0,0,1,0
libre,0,0,0,1,0,0
libro,0,1,1,0,0,1
lindes,0,0,1,0,0,0
llamada,0,1,0,0,0,0
llamado,1,1,0,0,1,1
llamar,0,0,0,0,1,0
llamas,0,0,0,0,0,1
llega,0,0,0,1,0,1
llegada,0,0,1,0,0,0
llegan,1,0,0,1,1,1
llegar,1,1,1,1,1,1
llegaron,0,1,0,0,1,0
llevaba,0,1,0,0,0,0
llevado,0,1,0,1,0,0
llevan,0,0,1,0,0,0
llevando,1,0,0,0,0,0
llevara,0,1,0,0,1,0
llevarlo,0,1,0,0,0,0
lobos,0,1,0,0,0,0
locura,0,0,0,0,1,0
logra,0,0,0,0,1,0
logran,1,0,0,0,0,1
lograron,0,1,0,0,0,0
logró,0,1,0,0,0,0
lomos,0,0,0,0,1,0
lothlórien,0,1,0,0,0,0
lucha,0,0,0,1,1,1
luchar,0,0,0,0,1,0
luz,0,0,0,0,1,0
látigo,0,1,0,0,0,0
légolas,0,0,1,0,0,0
mago,1,1,1,0,0,1
mal,0,1,0,0,0,0
maldición,0,0,0,0,1,0
malherida,0,0,0,1,0,0
malherido,0,0,0,0,1,0
maligna,0,0,1,0,0,0
malla,0,0,0,0,0,1
mano,0,0,1,0,0,1
manos,0,0,1,0,0,0
mantener,0,0,1,0,0,0
marcha,0,0,0,1,0,1
marchaban,0,0,0,1,0,0
marcharse,0,0,0,0,0,1
marchó,0,0,0,0,0,1
mariscal,0,0,1,0,0,0
matar,0,0,0,0,0,1
matándose,0,0,0,0,0,1
mazarbul,0,1,0,0,0,0
media,0,1,0,0,0,0
medio,0,0,1,0,0,1
meduseld,0,0,1,0,0,0
merry,1,1,1,0,1,1
mes,0,1,0,0,0,1
meses,0,1,0,0,0,0
metros,0,0,0,1,0,0
miembros,0,1,0,0,0,1
mil,0,0,0,0,1,0
millas,0,0,0,0,1,0
minas,0,1,1,1,1,1
mira,0,0,1,0,0,0
mirada,0,0,1,0,0,0
misión,0,0,0,1,1,0
misterioso,1,0,0,0,0,0
mitad,0,0,0,0,0,1
mithril,0,0,0,0,0,1
momentos,0,0,0,0,0,1
monstruo,0,1,0,0,0,0
montado,1,0,0,0,0,0
montaraces,0,0,0,1,1,0
montaña,0,1,0,0,0,1
montañas,0,1,0,0,0,0
monte,0,0,0,0,0,1
montó,0,0,0,0,1,0
mordisco,0,0,0,0,0,1
mordor,0,1,0,1,1,0
morgai,0,0,0,1,0,0
morgul,0,0,0,1,0,0
moria,0,1,0,1,0,0
moribundo,0,0,0,0,1,0
mortuoria,0,0,0,0,1,0
mostrar,0,0,0,0,1,0
motivo,1,0,0,1,0,0
movilización,0,0,0,0,1,0
muere,0,0,1,0,1,0
muerte,0,1,0,1,1,1
muerto,0,0,0,1,0,1
muertos,0,0,0,1,1,0
muil,0,0,0,1,0,0
mundo,0,0,1,0,0,0
muriendo,0,0,0,0,0,1
mágico,1,0,0,0,0,0
narraba,0,1,0,0,0,0
narración,0,0,1,0,0,0
naur,0,0,0,0,0,1
nazgûl,1,1,0,0,1,1
necesidad,0,0,0,0,1,0
negaba,1,0,0,0,0,0
negaron,0,0,0,0,0,1
negarse,0,0,0,0,1,1
negativa,0,1,0,0,0,0
negra,0,0,0,1,1,1
negro,0,1,0,0,1,0
niebla,1,0,0,0,0,0
niega,0,0,1,0,0,0
nob,1,0,0,0,0,0
noche,1,0,0,0,0,0
nombrado,0,0,0,0,0,1
norte,0,0,0,0,1,0
noticia,1,0,0,0,0,0
noticias,0,0,1,0,0,0
nube,0,0,0,0,1,0
nubladas,0,1,0,0,0,0
numerosos,0,1,0,0,0,0
objeto,0,0,1,1,0,0
obliga,0,0,1,1,0,0
obligada,0,1,0,0,0,0
obligado,0,0,0,0,1,0
obra,1,0,0,0,0,0
obras,0,0,0,0,0,1
observando,0,0,0,0,1,0
obsesionada,0,0,0,1,0,0
obstante,0,0,0,0,1,0
ocasionando,1,0,0,0,0,0
oculta,0,0,0,0,1,0
oculto,0,0,0,1,0,0
ocultándole,0,0,0,0,1,0
ocurrido,0,1,0,0,0,0
ocurridos,0,1,0,0,1,0
ocurrir,0,0,0,1,0,0
oeste,0,1,1,0,0,1
ofreciéndole,0,0,0,0,1,0
ofreció,0,1,0,0,0,0
ojos,0,0,0,1,0,0
oponente,0,0,1,0,0,0
oportuna,0,0,1,0,0,0
oportunidad,0,0,1,0,0,0
orcos,0,1,1,1,1,1
ordena,1,0,0,0,0,0
ordenó,0,1,0,0,0,0
orilla,0,1,0,0,0,0
orillas,0,1,0,0,0,0
orodruin,0,1,0,0,0,1
orthanc,0,0,1,0,0,1
oscuro,1,0,1,0,0,0
oye,0,0,0,1,0,0
oírse,0,1,0,0,0,0
pago,0,0,0,0,1,0
palantir,0,0,1,0,0,0
parada,1,0,0,0,0,0
parecido,0,1,0,0,0,0
parten,1,0,1,1,1,1
partes,0,0,1,0,0,0
parth,0,1,1,0,1,0
partida,1,0,0,0,0,0
partiendo,0,0,0,0,1,0
partió,1,1,0,0,0,0
pasando,0,1,0,0,0,0
pasar,1,1,0,0,0,0
paso,0,1,0,1,0,1
paz,1,0,0,0,0,0
pedir,0,1,0,0,0,0
pelargir,0,0,0,0,1,0
pelennor,0,0,0,0,1,0
peligro,0,1,1,0,0,0
penetraba,0,0,0,0,1,0
pensando,0,0,1,0,0,0
pequeña,1,0,0,0,0,0
perdido,1,0,0,0,0,0
perdidos,1,0,0,0,0,0
perecido,0,0,1,0,0,0
peripecias,0,0,1,0,0,0
permitieran,0,0,0,1,0,0
persecución,0,0,1,0,0,0
perseguidos,1,0,0,0,0,0
perseguirles,0,0,1,0,0,0
persiguen,1,0,0,0,0,0
personaje,1,0,0,0,0,0
personalidad,0,0,0,1,0,0
peso,0,0,0,0,0,1
picado,0,0,0,1,0,0
pies,0,1,0,0,0,1
pippin,1,1,1,0,1,1
pira,0,0,0,0,1,0
pisador,1,0,0,0,0,0
plan,1,0,0,0,0,0
planeando,0,0,0,1,0,0
poderoso,0,1,0,0,0,0
pone,1,0,0,0,0,1
ponen,0,0,0,1,0,0
ponerlo,0,0,1,0,0,0
posada,1,0,0,0,0,0
prados,0,1,0,0,0,0
precipitación,0,0,1,0,0,0
prefijada,0,0,1,0,0,0
preparan,0,0,1,0,0,0
preparar,0,0,1,1,0,0
presencia,0,0,0,1,0,0
presenciar,0,0,0,0,1,0
presentan,0,0,0,0,1,0
preso,0,1,0,0,0,0
pretexto,1,0,0,0,0,0
previo,0,0,1,0,0,0
previsto,0,0,0,0,0,1
principal,1,0,0,0,0,0
problema,0,0,0,0,1,0
produce,0,0,1,0,0,0
producido,0,0,0,0,0,1
producto,1,0,0,0,0,0
pronunciado,1,0,0,0,0,0
protegerlos,0,1,0,0,0,0
protegía,0,0,1,0,0,0
príncipe,0,1,0,0,0,0
pudieran,1,0,0,0,0,0
pueblo,0,1,0,0,0,0
pueblos,0,1,0,0,0,0
puente,0,1,0,0,0,0
puerta,0,1,0,1,1,1
puertas,0,0,1,0,0,0
puerto,0,0,0,0,1,0
puertos,0,0,0,0,0,1
puesto,0,0,1,0,1,0
pusieron,0,0,0,0,0,1
puso,1,1,0,0,0,0
póney,1,0,0,0,0,0
quebradas,1,0,0,0,0,0
quedado,1,0,0,0,0,0
quedan,0,0,0,0,1,0
quedando,0,0,1,0,0,0
quedaron,1,0,0,0,0,0
quemados,0,0,0,0,1,0
quería,0,1,0,0,0,0
quinto,0,0,0,0,1,0
quitarle,0,1,0,0,0,0
quitándoselo,0,0,1,0,0,0
rammas,0,0,0,0,1,0
rath,0,0,0,0,1,0
raza,0,0,0,0,1,0
reaparece,0,0,0,0,0,1
rechazarlos,0,1,0,0,0,0
recibe,0,0,0,0,1,0
recibidos,0,0,1,0,0,0
recibir,0,0,0,0,0,1
reconstrucción,0,0,0,0,0,1
recorrido,0,0,0,1,0,0
recta,0,0,0,1,0,0
recuperado,0,0,0,0,0,1
recuperarse,0,0,0,0,0,1
reencontrarse,0,0,1,0,0,0
reencontró,0,0,0,0,0,1
reencuentro,0,0,1,0,0,0
reflexionar,0,1,0,0,0,0
refugiarse,0,0,1,0,0,0
región,0,0,0,0,1,0
regresa,1,0,0,0,1,0
regreso,0,0,0,0,0,1
regresó,0,1,0,0,0,0
reino,0,0,1,1,0,0
relatan,0,0,1,0,0,0
rematar,0,0,0,0,1,0
replegarse,0,0,1,0,0,0
repliegue,0,0,1,0,0,0
reponerse,0,0,1,0,0,0
representa,0,0,1,0,0,0
representantes,0,1,0,0,0,0
rescatados,0,0,0,0,0,1
rescatar,0,0,1,1,1,0
rescate,0,0,0,0,0,1
rescaten,0,0,1,0,0,0
resistencia,0,0,0,0,1,0
resto,1,1,0,1,0,0
retirarse,0,0,0,0,1,0
retractara,0,0,1,0,0,0
retroceder,0,0,0,0,1,0
retuvo,0,1,0,0,0,0
reunirse,1,0,0,0,0,0
revela,0,0,1,0,1,0
reveló,0,1,0,0,0,0
rey,1,0,1,1,1,1
reúne,0,0,0,0,1,0
rivendel,1,1,0,0,0,1
rohan,0,1,1,0,1,1
rohirrim,0,0,1,0,1,0
roja,0,0,0,0,1,0
rojo,0,0,0,0,0,1
rompieron,0,0,0,0,1,0
ropajes,0,0,0,0,1,1
ropas,0,0,1,0,0,0
rumbo,0,0,0,0,0,1
río,1,1,0,0,1,0
sabios,1,0,0,0,0,0
sabía,1,0,0,0,0,0
sagrario,0,0,0,0,1,0
sale,0,0,0,0,1,0
salida,0,0,0,1,0,0
saliendo,0,0,0,0,1,0
salieron,0,1,0,0,0,0
salir,1,0,0,1,0,0
salva,1,0,0,0,0,0
salvados,1,0,0,0,0,0
salvarse,1,0,0,0,0,0
salvo,0,0,1,0,0,0
sam,0,1,1,1,0,1
sammath,0,0,0,0,0,1
samsagaz,1,0,0,0,0,0
saneamiento,0,0,0,0,0,1
sarn,0,1,0,0,0,0
saruman,0,1,1,0,0,1
sauron,1,1,1,1,1,1
seguir,0,0,1,0,0,0
seguía,0,1,0,0,0,0
seguían,0,0,0,0,0,1
sendero,0,0,0,0,1,1
senescal,0,0,0,0,1,1
senescales,0,0,0,0,1,0
senescalía,0,1,0,0,0,0
sentados,0,0,1,0,0,0
separación,0,0,1,1,0,0
serpiente,0,0,0,0,0,1
servicios,0,0,0,0,1,0
servidores,1,0,0,0,0,0
sexto,0,0,0,0,1,0
señal,0,0,0,0,1,0
señales,0,0,1,0,0,0
señor,1,1,1,0,0,0
señores,0,1,0,0,0,0
sienta,0,0,0,1,0,0
siguiendo,0,1,0,0,0,0
siguiera,0,1,0,0,0,0
siguiéndolos,0,0,0,1,0,0
siguió,0,1,0,0,0,0
sirviente,0,0,1,0,0,0
sirvientes,0,0,1,0,0,0
sitiar,0,0,0,0,1,0
sitio,0,0,0,0,1,0
sobrina,0,0,0,0,1,0
sobrino,1,0,0,0,0,0
sol,0,0,0,0,1,0
sombra,0,0,0,0,1,0
sombragrís,0,0,0,0,1,0
sorprendidos,1,0,0,0,1,0
sorpresa,0,0,1,0,0,0
sucesos,0,0,0,0,1,0
sufriendo,0,0,1,0,0,0
suman,0,0,0,0,1,0
supondría,0,0,0,0,1,0
suponía,0,0,0,1,0,0
sur,0,0,0,0,1,0
síntomas,0,0,0,0,1,0
sûl,1,0,0,0,0,0
tamaño,0,0,0,0,1,0
tambores,0,1,0,0,0,0
tarde,0,1,1,0,0,1
tema,0,1,0,0,0,0
tendón,0,0,0,0,1,0
termina,0,0,0,0,1,1
terminan,0,0,0,0,1,0
terminar,1,0,0,0,0,0
terreno,0,0,0,1,0,0
territorio,0,0,1,0,0,0
tesoro,0,0,0,0,0,1
théoden,0,0,1,0,1,1
tiende,1,0,0,0,0,0
tierra,0,1,0,0,0,0
tierras,0,0,0,0,0,1
tirith,0,1,1,1,1,1
tom,1,0,0,0,0,1
toma,0,0,1,0,1,0
tomada,0,0,0,0,0,1
tomado,0,0,0,0,1,0
tomar,0,0,0,1,1,0
tomaron,0,0,0,0,1,1
tomó,0,0,0,0,1,0
toque,1,0,0,0,0,0
torech,0,0,0,1,0,0
torre,0,0,1,1,0,0
tortura,0,0,1,0,0,0
traba,0,0,0,0,1,0
trae,0,0,0,0,1,0
traicionada,0,0,0,1,0,0
traición,0,1,0,1,0,0
trampa,1,0,0,0,0,0
tranquilidad,1,0,0,0,0,0
transmiten,0,0,0,0,1,0
trataba,1,0,1,0,0,0
tratar,0,0,0,0,1,0
tratarían,0,1,0,0,0,0
trató,0,1,0,0,0,0
traza,1,0,0,0,0,0
treintena,0,0,1,0,0,0
trepar,0,0,0,0,0,1
tropa,0,0,0,0,0,1
tropas,0,0,0,1,1,0
tumba,0,1,0,0,0,0
tumularias,1,0,0,0,0,0
tumularios,1,0,0,0,0,0
túmulos,1,0,0,0,0,0
ucorno,1,0,0,0,0,0
ucornos,0,0,1,0,0,0
umbar,0,0,0,0,1,0
ungol,0,0,0,1,0,1
unión,0,0,0,0,0,1
uruk-hai,0,0,1,0,0,0
usado,0,1,0,1,0,0
vado,1,0,0,0,0,0
vados,0,0,0,0,1,0
vagando,0,0,0,1,0,0
valle,0,0,0,1,0,0
ve,0,0,0,1,0,0
veinte,1,0,0,0,0,0
veloz,0,0,0,0,1,0
ven,0,0,0,0,1,0
vencer,0,0,1,0,0,0
veneno,0,0,0,1,0,0
viajan,0,0,0,0,0,1
viaje,1,1,0,1,1,1
viajeros,0,0,0,1,0,0
victoria,0,0,0,0,1,0
viejo,1,0,0,0,0,1
vigilado,0,0,0,1,0,0
vio,0,1,0,0,1,0
visiones,0,0,1,0,0,0
visita,0,0,0,0,1,0
visitar,0,0,0,0,0,1
vividas,0,0,1,0,0,0
vivir,1,0,0,0,0,0
voltea,0,0,0,0,1,0
voluntad,0,0,0,0,0,1
vuelta,0,1,0,0,1,0
vuelva,0,0,0,1,0,0
vuelve,0,0,0,1,1,0
yelmo,0,0,0,0,1,0
yendo,0,0,0,1,0,0
águilas,0,0,0,0,0,1
élficas,0,1,0,0,0,0
éomer,0,0,1,0,1,1
éored,0,0,1,0,0,0
éowyn,0,0,0,0,1,1
órdenes,0,0,0,0,0,1
único,1,0,0,1,0,0
